NAME,PATTERN,VALUE
CSF_LW,"DO_1,H1",156
CSF_DownMinProvision,"DO_1,H1",156
CSF_LW,"DO_1,H2",156
CSF_DownMinProvision,"DO_1,H2",156
CSF_LW,"DO_1,H3",133
CSF_DownMinProvision,"DO_1,H3",133
CSF_LW,"DO_1,H4",133
CSF_DownMinProvision,"DO_1,H4",133
CSF_LW,"DO_1,H5",133
CSF_DownMinProvision,"DO_1,H5",133
CSF_LW,"DO_1,H6",133
CSF_DownMinProvision,"DO_1,H6",133
CSF_LW,"DO_1,H7",133
CSF_DownMinProvision,"DO_1,H7",133
CSF_LW,"DO_1,H8",333
CSF_DownMinProvision,"DO_1,H8",333
CSF_LW,"DO_1,H9",333
CSF_DownMinProvision,"DO_1,H9",333
CSF_LW,"DO_1,H10",333
CSF_DownMinProvision,"DO_1,H10",333
CSF_LW,"DO_1,H11",199
CSF_DownMinProvision,"DO_1,H11",199
CSF_LW,"DO_1,H12",199
CSF_DownMinProvision,"DO_1,H12",199
CSF_LW,"DO_1,H13",199
CSF_DownMinProvision,"DO_1,H13",199
CSF_LW,"DO_1,H14",199
CSF_DownMinProvision,"DO_1,H14",199
CSF_LW,"DO_1,H15",199
CSF_DownMinProvision,"DO_1,H15",199
CSF_LW,"DO_1,H16",199
CSF_DownMinProvision,"DO_1,H16",199
CSF_LW,"DO_1,H17",199
CSF_DownMinProvision,"DO_1,H17",199
CSF_LW,"DO_1,H18",244
CSF_DownMinProvision,"DO_1,H18",244
CSF_LW,"DO_1,H19",244
CSF_DownMinProvision,"DO_1,H19",244
CSF_LW,"DO_1,H20",244
CSF_DownMinProvision,"DO_1,H20",244
CSF_LW,"DO_1,H21",178
CSF_DownMinProvision,"DO_1,H21",178
CSF_LW,"DO_1,H22",178
CSF_DownMinProvision,"DO_1,H22",178
CSF_LW,"DO_1,H23",156
CSF_DownMinProvision,"DO_1,H23",156
CSF_LW,"DO_1,H24",156
CSF_DownMinProvision,"DO_1,H24",156
CSF_LW,"LU_1,H1",169
CSF_DownMinProvision,"LU_1,H1",169
CSF_LW,"LU_1,H2",169
CSF_DownMinProvision,"LU_1,H2",169
CSF_LW,"LU_1,H3",155
CSF_DownMinProvision,"LU_1,H3",155
CSF_LW,"LU_1,H4",155
CSF_DownMinProvision,"LU_1,H4",155
CSF_LW,"LU_1,H5",155
CSF_DownMinProvision,"LU_1,H5",155
CSF_LW,"LU_1,H6",155
CSF_DownMinProvision,"LU_1,H6",155
CSF_LW,"LU_1,H7",155
CSF_DownMinProvision,"LU_1,H7",155
CSF_LW,"LU_1,H8",334
CSF_DownMinProvision,"LU_1,H8",334
CSF_LW,"LU_1,H9",334
CSF_DownMinProvision,"LU_1,H9",334
CSF_LW,"LU_1,H10",334
CSF_DownMinProvision,"LU_1,H10",334
CSF_LW,"LU_1,H11",192
CSF_DownMinProvision,"LU_1,H11",192
CSF_LW,"LU_1,H12",192
CSF_DownMinProvision,"LU_1,H12",192
CSF_LW,"LU_1,H13",192
CSF_DownMinProvision,"LU_1,H13",192
CSF_LW,"LU_1,H14",192
CSF_DownMinProvision,"LU_1,H14",192
CSF_LW,"LU_1,H15",192
CSF_DownMinProvision,"LU_1,H15",192
CSF_LW,"LU_1,H16",192
CSF_DownMinProvision,"LU_1,H16",192
CSF_LW,"LU_1,H17",192
CSF_DownMinProvision,"LU_1,H17",192
CSF_LW,"LU_1,H18",229
CSF_DownMinProvision,"LU_1,H18",229
CSF_LW,"LU_1,H19",229
CSF_DownMinProvision,"LU_1,H19",229
CSF_LW,"LU_1,H20",229
CSF_DownMinProvision,"LU_1,H20",229
CSF_LW,"LU_1,H21",196
CSF_DownMinProvision,"LU_1,H21",196
CSF_LW,"LU_1,H22",196
CSF_DownMinProvision,"LU_1,H22",196
CSF_LW,"LU_1,H23",169
CSF_DownMinProvision,"LU_1,H23",169
CSF_LW,"LU_1,H24",169
CSF_DownMinProvision,"LU_1,H24",169
CSF_LW,"SA_1,H1",156
CSF_DownMinProvision,"SA_1,H1",156
CSF_LW,"SA_1,H2",156
CSF_DownMinProvision,"SA_1,H2",156
CSF_LW,"SA_1,H3",133
CSF_DownMinProvision,"SA_1,H3",133
CSF_LW,"SA_1,H4",133
CSF_DownMinProvision,"SA_1,H4",133
CSF_LW,"SA_1,H5",133
CSF_DownMinProvision,"SA_1,H5",133
CSF_LW,"SA_1,H6",133
CSF_DownMinProvision,"SA_1,H6",133
CSF_LW,"SA_1,H7",133
CSF_DownMinProvision,"SA_1,H7",133
CSF_LW,"SA_1,H8",333
CSF_DownMinProvision,"SA_1,H8",333
CSF_LW,"SA_1,H9",333
CSF_DownMinProvision,"SA_1,H9",333
CSF_LW,"SA_1,H10",333
CSF_DownMinProvision,"SA_1,H10",333
CSF_LW,"SA_1,H11",199
CSF_DownMinProvision,"SA_1,H11",199
CSF_LW,"SA_1,H12",199
CSF_DownMinProvision,"SA_1,H12",199
CSF_LW,"SA_1,H13",199
CSF_DownMinProvision,"SA_1,H13",199
CSF_LW,"SA_1,H14",199
CSF_DownMinProvision,"SA_1,H14",199
CSF_LW,"SA_1,H15",199
CSF_DownMinProvision,"SA_1,H15",199
CSF_LW,"SA_1,H16",199
CSF_DownMinProvision,"SA_1,H16",199
CSF_LW,"SA_1,H17",199
CSF_DownMinProvision,"SA_1,H17",199
CSF_LW,"SA_1,H18",244
CSF_DownMinProvision,"SA_1,H18",244
CSF_LW,"SA_1,H19",244
CSF_DownMinProvision,"SA_1,H19",244
CSF_LW,"SA_1,H20",244
CSF_DownMinProvision,"SA_1,H20",244
CSF_LW,"SA_1,H21",178
CSF_DownMinProvision,"SA_1,H21",178
CSF_LW,"SA_1,H22",178
CSF_DownMinProvision,"SA_1,H22",178
CSF_LW,"SA_1,H23",156
CSF_DownMinProvision,"SA_1,H23",156
CSF_LW,"SA_1,H24",156
CSF_DownMinProvision,"SA_1,H24",156
CSF_LW,"TR_1,H1",169
CSF_DownMinProvision,"TR_1,H1",169
CSF_LW,"TR_1,H2",169
CSF_DownMinProvision,"TR_1,H2",169
CSF_LW,"TR_1,H3",155
CSF_DownMinProvision,"TR_1,H3",155
CSF_LW,"TR_1,H4",155
CSF_DownMinProvision,"TR_1,H4",155
CSF_LW,"TR_1,H5",155
CSF_DownMinProvision,"TR_1,H5",155
CSF_LW,"TR_1,H6",155
CSF_DownMinProvision,"TR_1,H6",155
CSF_LW,"TR_1,H7",155
CSF_DownMinProvision,"TR_1,H7",155
CSF_LW,"TR_1,H8",334
CSF_DownMinProvision,"TR_1,H8",334
CSF_LW,"TR_1,H9",334
CSF_DownMinProvision,"TR_1,H9",334
CSF_LW,"TR_1,H10",334
CSF_DownMinProvision,"TR_1,H10",334
CSF_LW,"TR_1,H11",192
CSF_DownMinProvision,"TR_1,H11",192
CSF_LW,"TR_1,H12",192
CSF_DownMinProvision,"TR_1,H12",192
CSF_LW,"TR_1,H13",192
CSF_DownMinProvision,"TR_1,H13",192
CSF_LW,"TR_1,H14",192
CSF_DownMinProvision,"TR_1,H14",192
CSF_LW,"TR_1,H15",192
CSF_DownMinProvision,"TR_1,H15",192
CSF_LW,"TR_1,H16",192
CSF_DownMinProvision,"TR_1,H16",192
CSF_LW,"TR_1,H17",192
CSF_DownMinProvision,"TR_1,H17",192
CSF_LW,"TR_1,H18",229
CSF_DownMinProvision,"TR_1,H18",229
CSF_LW,"TR_1,H19",229
CSF_DownMinProvision,"TR_1,H19",229
CSF_LW,"TR_1,H20",229
CSF_DownMinProvision,"TR_1,H20",229
CSF_LW,"TR_1,H21",196
CSF_DownMinProvision,"TR_1,H21",196
CSF_LW,"TR_1,H22",196
CSF_DownMinProvision,"TR_1,H22",196
CSF_LW,"TR_1,H23",169
CSF_DownMinProvision,"TR_1,H23",169
CSF_LW,"TR_1,H24",169
CSF_DownMinProvision,"TR_1,H24",169
CSF_LW,"DO_2,H1",162
CSF_DownMinProvision,"DO_2,H1",162
CSF_LW,"DO_2,H2",162
CSF_DownMinProvision,"DO_2,H2",162
CSF_LW,"DO_2,H3",154
CSF_DownMinProvision,"DO_2,H3",154
CSF_LW,"DO_2,H4",154
CSF_DownMinProvision,"DO_2,H4",154
CSF_LW,"DO_2,H5",154
CSF_DownMinProvision,"DO_2,H5",154
CSF_LW,"DO_2,H6",154
CSF_DownMinProvision,"DO_2,H6",154
CSF_LW,"DO_2,H7",154
CSF_DownMinProvision,"DO_2,H7",154
CSF_LW,"DO_2,H8",332
CSF_DownMinProvision,"DO_2,H8",332
CSF_LW,"DO_2,H9",332
CSF_DownMinProvision,"DO_2,H9",332
CSF_LW,"DO_2,H10",332
CSF_DownMinProvision,"DO_2,H10",332
CSF_LW,"DO_2,H11",218
CSF_DownMinProvision,"DO_2,H11",218
CSF_LW,"DO_2,H12",218
CSF_DownMinProvision,"DO_2,H12",218
CSF_LW,"DO_2,H13",218
CSF_DownMinProvision,"DO_2,H13",218
CSF_LW,"DO_2,H14",218
CSF_DownMinProvision,"DO_2,H14",218
CSF_LW,"DO_2,H15",218
CSF_DownMinProvision,"DO_2,H15",218
CSF_LW,"DO_2,H16",218
CSF_DownMinProvision,"DO_2,H16",218
CSF_LW,"DO_2,H17",222
CSF_DownMinProvision,"DO_2,H17",222
CSF_LW,"DO_2,H18",222
CSF_DownMinProvision,"DO_2,H18",222
CSF_LW,"DO_2,H19",222
CSF_DownMinProvision,"DO_2,H19",222
CSF_LW,"DO_2,H20",161
CSF_DownMinProvision,"DO_2,H20",161
CSF_LW,"DO_2,H21",161
CSF_DownMinProvision,"DO_2,H21",161
CSF_LW,"DO_2,H22",161
CSF_DownMinProvision,"DO_2,H22",161
CSF_LW,"DO_2,H23",162
CSF_DownMinProvision,"DO_2,H23",162
CSF_LW,"DO_2,H24",162
CSF_DownMinProvision,"DO_2,H24",162
CSF_LW,"LU_2,H1",163
CSF_DownMinProvision,"LU_2,H1",163
CSF_LW,"LU_2,H2",163
CSF_DownMinProvision,"LU_2,H2",163
CSF_LW,"LU_2,H3",158
CSF_DownMinProvision,"LU_2,H3",158
CSF_LW,"LU_2,H4",158
CSF_DownMinProvision,"LU_2,H4",158
CSF_LW,"LU_2,H5",158
CSF_DownMinProvision,"LU_2,H5",158
CSF_LW,"LU_2,H6",158
CSF_DownMinProvision,"LU_2,H6",158
CSF_LW,"LU_2,H7",158
CSF_DownMinProvision,"LU_2,H7",158
CSF_LW,"LU_2,H8",333
CSF_DownMinProvision,"LU_2,H8",333
CSF_LW,"LU_2,H9",333
CSF_DownMinProvision,"LU_2,H9",333
CSF_LW,"LU_2,H10",333
CSF_DownMinProvision,"LU_2,H10",333
CSF_LW,"LU_2,H11",215
CSF_DownMinProvision,"LU_2,H11",215
CSF_LW,"LU_2,H12",215
CSF_DownMinProvision,"LU_2,H12",215
CSF_LW,"LU_2,H13",215
CSF_DownMinProvision,"LU_2,H13",215
CSF_LW,"LU_2,H14",215
CSF_DownMinProvision,"LU_2,H14",215
CSF_LW,"LU_2,H15",215
CSF_DownMinProvision,"LU_2,H15",215
CSF_LW,"LU_2,H16",215
CSF_DownMinProvision,"LU_2,H16",215
CSF_LW,"LU_2,H17",219
CSF_DownMinProvision,"LU_2,H17",219
CSF_LW,"LU_2,H18",219
CSF_DownMinProvision,"LU_2,H18",219
CSF_LW,"LU_2,H19",219
CSF_DownMinProvision,"LU_2,H19",219
CSF_LW,"LU_2,H20",169
CSF_DownMinProvision,"LU_2,H20",169
CSF_LW,"LU_2,H21",169
CSF_DownMinProvision,"LU_2,H21",169
CSF_LW,"LU_2,H22",169
CSF_DownMinProvision,"LU_2,H22",169
CSF_LW,"LU_2,H23",163
CSF_DownMinProvision,"LU_2,H23",163
CSF_LW,"LU_2,H24",163
CSF_DownMinProvision,"LU_2,H24",163
CSF_LW,"SA_2,H1",162
CSF_DownMinProvision,"SA_2,H1",162
CSF_LW,"SA_2,H2",162
CSF_DownMinProvision,"SA_2,H2",162
CSF_LW,"SA_2,H3",154
CSF_DownMinProvision,"SA_2,H3",154
CSF_LW,"SA_2,H4",154
CSF_DownMinProvision,"SA_2,H4",154
CSF_LW,"SA_2,H5",154
CSF_DownMinProvision,"SA_2,H5",154
CSF_LW,"SA_2,H6",154
CSF_DownMinProvision,"SA_2,H6",154
CSF_LW,"SA_2,H7",154
CSF_DownMinProvision,"SA_2,H7",154
CSF_LW,"SA_2,H8",332
CSF_DownMinProvision,"SA_2,H8",332
CSF_LW,"SA_2,H9",332
CSF_DownMinProvision,"SA_2,H9",332
CSF_LW,"SA_2,H10",332
CSF_DownMinProvision,"SA_2,H10",332
CSF_LW,"SA_2,H11",218
CSF_DownMinProvision,"SA_2,H11",218
CSF_LW,"SA_2,H12",218
CSF_DownMinProvision,"SA_2,H12",218
CSF_LW,"SA_2,H13",218
CSF_DownMinProvision,"SA_2,H13",218
CSF_LW,"SA_2,H14",218
CSF_DownMinProvision,"SA_2,H14",218
CSF_LW,"SA_2,H15",218
CSF_DownMinProvision,"SA_2,H15",218
CSF_LW,"SA_2,H16",218
CSF_DownMinProvision,"SA_2,H16",218
CSF_LW,"SA_2,H17",222
CSF_DownMinProvision,"SA_2,H17",222
CSF_LW,"SA_2,H18",222
CSF_DownMinProvision,"SA_2,H18",222
CSF_LW,"SA_2,H19",222
CSF_DownMinProvision,"SA_2,H19",222
CSF_LW,"SA_2,H20",161
CSF_DownMinProvision,"SA_2,H20",161
CSF_LW,"SA_2,H21",161
CSF_DownMinProvision,"SA_2,H21",161
CSF_LW,"SA_2,H22",161
CSF_DownMinProvision,"SA_2,H22",161
CSF_LW,"SA_2,H23",162
CSF_DownMinProvision,"SA_2,H23",162
CSF_LW,"SA_2,H24",162
CSF_DownMinProvision,"SA_2,H24",162
CSF_LW,"TR_2,H1",163
CSF_DownMinProvision,"TR_2,H1",163
CSF_LW,"TR_2,H2",163
CSF_DownMinProvision,"TR_2,H2",163
CSF_LW,"TR_2,H3",158
CSF_DownMinProvision,"TR_2,H3",158
CSF_LW,"TR_2,H4",158
CSF_DownMinProvision,"TR_2,H4",158
CSF_LW,"TR_2,H5",158
CSF_DownMinProvision,"TR_2,H5",158
CSF_LW,"TR_2,H6",158
CSF_DownMinProvision,"TR_2,H6",158
CSF_LW,"TR_2,H7",158
CSF_DownMinProvision,"TR_2,H7",158
CSF_LW,"TR_2,H8",333
CSF_DownMinProvision,"TR_2,H8",333
CSF_LW,"TR_2,H9",333
CSF_DownMinProvision,"TR_2,H9",333
CSF_LW,"TR_2,H10",333
CSF_DownMinProvision,"TR_2,H10",333
CSF_LW,"TR_2,H11",215
CSF_DownMinProvision,"TR_2,H11",215
CSF_LW,"TR_2,H12",215
CSF_DownMinProvision,"TR_2,H12",215
CSF_LW,"TR_2,H13",215
CSF_DownMinProvision,"TR_2,H13",215
CSF_LW,"TR_2,H14",215
CSF_DownMinProvision,"TR_2,H14",215
CSF_LW,"TR_2,H15",215
CSF_DownMinProvision,"TR_2,H15",215
CSF_LW,"TR_2,H16",215
CSF_DownMinProvision,"TR_2,H16",215
CSF_LW,"TR_2,H17",219
CSF_DownMinProvision,"TR_2,H17",219
CSF_LW,"TR_2,H18",219
CSF_DownMinProvision,"TR_2,H18",219
CSF_LW,"TR_2,H19",219
CSF_DownMinProvision,"TR_2,H19",219
CSF_LW,"TR_2,H20",169
CSF_DownMinProvision,"TR_2,H20",169
CSF_LW,"TR_2,H21",169
CSF_DownMinProvision,"TR_2,H21",169
CSF_LW,"TR_2,H22",169
CSF_DownMinProvision,"TR_2,H22",169
CSF_LW,"TR_2,H23",163
CSF_DownMinProvision,"TR_2,H23",163
CSF_LW,"TR_2,H24",163
CSF_DownMinProvision,"TR_2,H24",163
CSF_RS,"DO_1,H1",156
CSF_UpMinProvision,"DO_1,H1",156
CSF_RS,"DO_1,H2",156
CSF_UpMinProvision,"DO_1,H2",156
CSF_RS,"DO_1,H3",133
CSF_UpMinProvision,"DO_1,H3",133
CSF_RS,"DO_1,H4",133
CSF_UpMinProvision,"DO_1,H4",133
CSF_RS,"DO_1,H5",133
CSF_UpMinProvision,"DO_1,H5",133
CSF_RS,"DO_1,H6",133
CSF_UpMinProvision,"DO_1,H6",133
CSF_RS,"DO_1,H7",133
CSF_UpMinProvision,"DO_1,H7",133
CSF_RS,"DO_1,H8",209
CSF_UpMinProvision,"DO_1,H8",209
CSF_RS,"DO_1,H9",209
CSF_UpMinProvision,"DO_1,H9",209
CSF_RS,"DO_1,H10",209
CSF_UpMinProvision,"DO_1,H10",209
CSF_RS,"DO_1,H11",171
CSF_UpMinProvision,"DO_1,H11",171
CSF_RS,"DO_1,H12",171
CSF_UpMinProvision,"DO_1,H12",171
CSF_RS,"DO_1,H13",171
CSF_UpMinProvision,"DO_1,H13",171
CSF_RS,"DO_1,H14",171
CSF_UpMinProvision,"DO_1,H14",171
CSF_RS,"DO_1,H15",171
CSF_UpMinProvision,"DO_1,H15",171
CSF_RS,"DO_1,H16",171
CSF_UpMinProvision,"DO_1,H16",171
CSF_RS,"DO_1,H17",171
CSF_UpMinProvision,"DO_1,H17",171
CSF_RS,"DO_1,H18",328
CSF_UpMinProvision,"DO_1,H18",328
CSF_RS,"DO_1,H19",328
CSF_UpMinProvision,"DO_1,H19",328
CSF_RS,"DO_1,H20",328
CSF_UpMinProvision,"DO_1,H20",328
CSF_RS,"DO_1,H21",281
CSF_UpMinProvision,"DO_1,H21",281
CSF_RS,"DO_1,H22",281
CSF_UpMinProvision,"DO_1,H22",281
CSF_RS,"DO_1,H23",156
CSF_UpMinProvision,"DO_1,H23",156
CSF_RS,"DO_1,H24",156
CSF_UpMinProvision,"DO_1,H24",156
CSF_RS,"LU_1,H1",169
CSF_UpMinProvision,"LU_1,H1",169
CSF_RS,"LU_1,H2",169
CSF_UpMinProvision,"LU_1,H2",169
CSF_RS,"LU_1,H3",155
CSF_UpMinProvision,"LU_1,H3",155
CSF_RS,"LU_1,H4",155
CSF_UpMinProvision,"LU_1,H4",155
CSF_RS,"LU_1,H5",155
CSF_UpMinProvision,"LU_1,H5",155
CSF_RS,"LU_1,H6",155
CSF_UpMinProvision,"LU_1,H6",155
CSF_RS,"LU_1,H7",155
CSF_UpMinProvision,"LU_1,H7",155
CSF_RS,"LU_1,H8",223
CSF_UpMinProvision,"LU_1,H8",223
CSF_RS,"LU_1,H9",223
CSF_UpMinProvision,"LU_1,H9",223
CSF_RS,"LU_1,H10",223
CSF_UpMinProvision,"LU_1,H10",223
CSF_RS,"LU_1,H11",176
CSF_UpMinProvision,"LU_1,H11",176
CSF_RS,"LU_1,H12",176
CSF_UpMinProvision,"LU_1,H12",176
CSF_RS,"LU_1,H13",176
CSF_UpMinProvision,"LU_1,H13",176
CSF_RS,"LU_1,H14",176
CSF_UpMinProvision,"LU_1,H14",176
CSF_RS,"LU_1,H15",176
CSF_UpMinProvision,"LU_1,H15",176
CSF_RS,"LU_1,H16",176
CSF_UpMinProvision,"LU_1,H16",176
CSF_RS,"LU_1,H17",176
CSF_UpMinProvision,"LU_1,H17",176
CSF_RS,"LU_1,H18",330
CSF_UpMinProvision,"LU_1,H18",330
CSF_RS,"LU_1,H19",330
CSF_UpMinProvision,"LU_1,H19",330
CSF_RS,"LU_1,H20",330
CSF_UpMinProvision,"LU_1,H20",330
CSF_RS,"LU_1,H21",267
CSF_UpMinProvision,"LU_1,H21",267
CSF_RS,"LU_1,H22",267
CSF_UpMinProvision,"LU_1,H22",267
CSF_RS,"LU_1,H23",169
CSF_UpMinProvision,"LU_1,H23",169
CSF_RS,"LU_1,H24",169
CSF_UpMinProvision,"LU_1,H24",169
CSF_RS,"SA_1,H1",156
CSF_UpMinProvision,"SA_1,H1",156
CSF_RS,"SA_1,H2",156
CSF_UpMinProvision,"SA_1,H2",156
CSF_RS,"SA_1,H3",133
CSF_UpMinProvision,"SA_1,H3",133
CSF_RS,"SA_1,H4",133
CSF_UpMinProvision,"SA_1,H4",133
CSF_RS,"SA_1,H5",133
CSF_UpMinProvision,"SA_1,H5",133
CSF_RS,"SA_1,H6",133
CSF_UpMinProvision,"SA_1,H6",133
CSF_RS,"SA_1,H7",133
CSF_UpMinProvision,"SA_1,H7",133
CSF_RS,"SA_1,H8",209
CSF_UpMinProvision,"SA_1,H8",209
CSF_RS,"SA_1,H9",209
CSF_UpMinProvision,"SA_1,H9",209
CSF_RS,"SA_1,H10",209
CSF_UpMinProvision,"SA_1,H10",209
CSF_RS,"SA_1,H11",171
CSF_UpMinProvision,"SA_1,H11",171
CSF_RS,"SA_1,H12",171
CSF_UpMinProvision,"SA_1,H12",171
CSF_RS,"SA_1,H13",171
CSF_UpMinProvision,"SA_1,H13",171
CSF_RS,"SA_1,H14",171
CSF_UpMinProvision,"SA_1,H14",171
CSF_RS,"SA_1,H15",171
CSF_UpMinProvision,"SA_1,H15",171
CSF_RS,"SA_1,H16",171
CSF_UpMinProvision,"SA_1,H16",171
CSF_RS,"SA_1,H17",171
CSF_UpMinProvision,"SA_1,H17",171
CSF_RS,"SA_1,H18",328
CSF_UpMinProvision,"SA_1,H18",328
CSF_RS,"SA_1,H19",328
CSF_UpMinProvision,"SA_1,H19",328
CSF_RS,"SA_1,H20",328
CSF_UpMinProvision,"SA_1,H20",328
CSF_RS,"SA_1,H21",281
CSF_UpMinProvision,"SA_1,H21",281
CSF_RS,"SA_1,H22",281
CSF_UpMinProvision,"SA_1,H22",281
CSF_RS,"SA_1,H23",156
CSF_UpMinProvision,"SA_1,H23",156
CSF_RS,"SA_1,H24",156
CSF_UpMinProvision,"SA_1,H24",156
CSF_RS,"TR_1,H1",169
CSF_UpMinProvision,"TR_1,H1",169
CSF_RS,"TR_1,H2",169
CSF_UpMinProvision,"TR_1,H2",169
CSF_RS,"TR_1,H3",155
CSF_UpMinProvision,"TR_1,H3",155
CSF_RS,"TR_1,H4",155
CSF_UpMinProvision,"TR_1,H4",155
CSF_RS,"TR_1,H5",155
CSF_UpMinProvision,"TR_1,H5",155
CSF_RS,"TR_1,H6",155
CSF_UpMinProvision,"TR_1,H6",155
CSF_RS,"TR_1,H7",155
CSF_UpMinProvision,"TR_1,H7",155
CSF_RS,"TR_1,H8",223
CSF_UpMinProvision,"TR_1,H8",223
CSF_RS,"TR_1,H9",223
CSF_UpMinProvision,"TR_1,H9",223
CSF_RS,"TR_1,H10",223
CSF_UpMinProvision,"TR_1,H10",223
CSF_RS,"TR_1,H11",176
CSF_UpMinProvision,"TR_1,H11",176
CSF_RS,"TR_1,H12",176
CSF_UpMinProvision,"TR_1,H12",176
CSF_RS,"TR_1,H13",176
CSF_UpMinProvision,"TR_1,H13",176
CSF_RS,"TR_1,H14",176
CSF_UpMinProvision,"TR_1,H14",176
CSF_RS,"TR_1,H15",176
CSF_UpMinProvision,"TR_1,H15",176
CSF_RS,"TR_1,H16",176
CSF_UpMinProvision,"TR_1,H16",176
CSF_RS,"TR_1,H17",176
CSF_UpMinProvision,"TR_1,H17",176
CSF_RS,"TR_1,H18",330
CSF_UpMinProvision,"TR_1,H18",330
CSF_RS,"TR_1,H19",330
CSF_UpMinProvision,"TR_1,H19",330
CSF_RS,"TR_1,H20",330
CSF_UpMinProvision,"TR_1,H20",330
CSF_RS,"TR_1,H21",267
CSF_UpMinProvision,"TR_1,H21",267
CSF_RS,"TR_1,H22",267
CSF_UpMinProvision,"TR_1,H22",267
CSF_RS,"TR_1,H23",169
CSF_UpMinProvision,"TR_1,H23",169
CSF_RS,"TR_1,H24",169
CSF_UpMinProvision,"TR_1,H24",169
CSF_RS,"DO_2,H1",135
CSF_UpMinProvision,"DO_2,H1",135
CSF_RS,"DO_2,H2",135
CSF_UpMinProvision,"DO_2,H2",135
CSF_RS,"DO_2,H3",154
CSF_UpMinProvision,"DO_2,H3",154
CSF_RS,"DO_2,H4",154
CSF_UpMinProvision,"DO_2,H4",154
CSF_RS,"DO_2,H5",154
CSF_UpMinProvision,"DO_2,H5",154
CSF_RS,"DO_2,H6",154
CSF_UpMinProvision,"DO_2,H6",154
CSF_RS,"DO_2,H7",154
CSF_UpMinProvision,"DO_2,H7",154
CSF_RS,"DO_2,H8",205
CSF_UpMinProvision,"DO_2,H8",205
CSF_RS,"DO_2,H9",205
CSF_UpMinProvision,"DO_2,H9",205
CSF_RS,"DO_2,H10",205
CSF_UpMinProvision,"DO_2,H10",205
CSF_RS,"DO_2,H11",218
CSF_UpMinProvision,"DO_2,H11",218
CSF_RS,"DO_2,H12",218
CSF_UpMinProvision,"DO_2,H12",218
CSF_RS,"DO_2,H13",218
CSF_UpMinProvision,"DO_2,H13",218
CSF_RS,"DO_2,H14",218
CSF_UpMinProvision,"DO_2,H14",218
CSF_RS,"DO_2,H15",218
CSF_UpMinProvision,"DO_2,H15",218
CSF_RS,"DO_2,H16",218
CSF_UpMinProvision,"DO_2,H16",218
CSF_RS,"DO_2,H17",332
CSF_UpMinProvision,"DO_2,H17",332
CSF_RS,"DO_2,H18",332
CSF_UpMinProvision,"DO_2,H18",332
CSF_RS,"DO_2,H19",332
CSF_UpMinProvision,"DO_2,H19",332
CSF_RS,"DO_2,H20",305
CSF_UpMinProvision,"DO_2,H20",305
CSF_RS,"DO_2,H21",305
CSF_UpMinProvision,"DO_2,H21",305
CSF_RS,"DO_2,H22",305
CSF_UpMinProvision,"DO_2,H22",305
CSF_RS,"DO_2,H23",135
CSF_UpMinProvision,"DO_2,H23",135
CSF_RS,"DO_2,H24",135
CSF_UpMinProvision,"DO_2,H24",135
CSF_RS,"LU_2,H1",154
CSF_UpMinProvision,"LU_2,H1",154
CSF_RS,"LU_2,H2",154
CSF_UpMinProvision,"LU_2,H2",154
CSF_RS,"LU_2,H3",158
CSF_UpMinProvision,"LU_2,H3",158
CSF_RS,"LU_2,H4",158
CSF_UpMinProvision,"LU_2,H4",158
CSF_RS,"LU_2,H5",158
CSF_UpMinProvision,"LU_2,H5",158
CSF_RS,"LU_2,H6",158
CSF_UpMinProvision,"LU_2,H6",158
CSF_RS,"LU_2,H7",158
CSF_UpMinProvision,"LU_2,H7",158
CSF_RS,"LU_2,H8",215
CSF_UpMinProvision,"LU_2,H8",215
CSF_RS,"LU_2,H9",215
CSF_UpMinProvision,"LU_2,H9",215
CSF_RS,"LU_2,H10",215
CSF_UpMinProvision,"LU_2,H10",215
CSF_RS,"LU_2,H11",209
CSF_UpMinProvision,"LU_2,H11",209
CSF_RS,"LU_2,H12",209
CSF_UpMinProvision,"LU_2,H12",209
CSF_RS,"LU_2,H13",209
CSF_UpMinProvision,"LU_2,H13",209
CSF_RS,"LU_2,H14",209
CSF_UpMinProvision,"LU_2,H14",209
CSF_RS,"LU_2,H15",209
CSF_UpMinProvision,"LU_2,H15",209
CSF_RS,"LU_2,H16",209
CSF_UpMinProvision,"LU_2,H16",209
CSF_RS,"LU_2,H17",330
CSF_UpMinProvision,"LU_2,H17",330
CSF_RS,"LU_2,H18",330
CSF_UpMinProvision,"LU_2,H18",330
CSF_RS,"LU_2,H19",330
CSF_UpMinProvision,"LU_2,H19",330
CSF_RS,"LU_2,H20",301
CSF_UpMinProvision,"LU_2,H20",301
CSF_RS,"LU_2,H21",301
CSF_UpMinProvision,"LU_2,H21",301
CSF_RS,"LU_2,H22",301
CSF_UpMinProvision,"LU_2,H22",301
CSF_RS,"LU_2,H23",154
CSF_UpMinProvision,"LU_2,H23",154
CSF_RS,"LU_2,H24",154
CSF_UpMinProvision,"LU_2,H24",154
CSF_RS,"SA_2,H1",135
CSF_UpMinProvision,"SA_2,H1",135
CSF_RS,"SA_2,H2",135
CSF_UpMinProvision,"SA_2,H2",135
CSF_RS,"SA_2,H3",154
CSF_UpMinProvision,"SA_2,H3",154
CSF_RS,"SA_2,H4",154
CSF_UpMinProvision,"SA_2,H4",154
CSF_RS,"SA_2,H5",154
CSF_UpMinProvision,"SA_2,H5",154
CSF_RS,"SA_2,H6",154
CSF_UpMinProvision,"SA_2,H6",154
CSF_RS,"SA_2,H7",154
CSF_UpMinProvision,"SA_2,H7",154
CSF_RS,"SA_2,H8",205
CSF_UpMinProvision,"SA_2,H8",205
CSF_RS,"SA_2,H9",205
CSF_UpMinProvision,"SA_2,H9",205
CSF_RS,"SA_2,H10",205
CSF_UpMinProvision,"SA_2,H10",205
CSF_RS,"SA_2,H11",218
CSF_UpMinProvision,"SA_2,H11",218
CSF_RS,"SA_2,H12",218
CSF_UpMinProvision,"SA_2,H12",218
CSF_RS,"SA_2,H13",218
CSF_UpMinProvision,"SA_2,H13",218
CSF_RS,"SA_2,H14",218
CSF_UpMinProvision,"SA_2,H14",218
CSF_RS,"SA_2,H15",218
CSF_UpMinProvision,"SA_2,H15",218
CSF_RS,"SA_2,H16",218
CSF_UpMinProvision,"SA_2,H16",218
CSF_RS,"SA_2,H17",332
CSF_UpMinProvision,"SA_2,H17",332
CSF_RS,"SA_2,H18",332
CSF_UpMinProvision,"SA_2,H18",332
CSF_RS,"SA_2,H19",332
CSF_UpMinProvision,"SA_2,H19",332
CSF_RS,"SA_2,H20",305
CSF_UpMinProvision,"SA_2,H20",305
CSF_RS,"SA_2,H21",305
CSF_UpMinProvision,"SA_2,H21",305
CSF_RS,"SA_2,H22",305
CSF_UpMinProvision,"SA_2,H22",305
CSF_RS,"SA_2,H23",135
CSF_UpMinProvision,"SA_2,H23",135
CSF_RS,"SA_2,H24",135
CSF_UpMinProvision,"SA_2,H24",135
CSF_RS,"TR_2,H1",154
CSF_UpMinProvision,"TR_2,H1",154
CSF_RS,"TR_2,H2",154
CSF_UpMinProvision,"TR_2,H2",154
CSF_RS,"TR_2,H3",158
CSF_UpMinProvision,"TR_2,H3",158
CSF_RS,"TR_2,H4",158
CSF_UpMinProvision,"TR_2,H4",158
CSF_RS,"TR_2,H5",158
CSF_UpMinProvision,"TR_2,H5",158
CSF_RS,"TR_2,H6",158
CSF_UpMinProvision,"TR_2,H6",158
CSF_RS,"TR_2,H7",158
CSF_UpMinProvision,"TR_2,H7",158
CSF_RS,"TR_2,H8",215
CSF_UpMinProvision,"TR_2,H8",215
CSF_RS,"TR_2,H9",215
CSF_UpMinProvision,"TR_2,H9",215
CSF_RS,"TR_2,H10",215
CSF_UpMinProvision,"TR_2,H10",215
CSF_RS,"TR_2,H11",209
CSF_UpMinProvision,"TR_2,H11",209
CSF_RS,"TR_2,H12",209
CSF_UpMinProvision,"TR_2,H12",209
CSF_RS,"TR_2,H13",209
CSF_UpMinProvision,"TR_2,H13",209
CSF_RS,"TR_2,H14",209
CSF_UpMinProvision,"TR_2,H14",209
CSF_RS,"TR_2,H15",209
CSF_UpMinProvision,"TR_2,H15",209
CSF_RS,"TR_2,H16",209
CSF_UpMinProvision,"TR_2,H16",209
CSF_RS,"TR_2,H17",330
CSF_UpMinProvision,"TR_2,H17",330
CSF_RS,"TR_2,H18",330
CSF_UpMinProvision,"TR_2,H18",330
CSF_RS,"TR_2,H19",330
CSF_UpMinProvision,"TR_2,H19",330
CSF_RS,"TR_2,H20",301
CSF_UpMinProvision,"TR_2,H20",301
CSF_RS,"TR_2,H21",301
CSF_UpMinProvision,"TR_2,H21",301
CSF_RS,"TR_2,H22",301
CSF_UpMinProvision,"TR_2,H22",301
CSF_RS,"TR_2,H23",154
CSF_UpMinProvision,"TR_2,H23",154
CSF_RS,"TR_2,H24",154
CSF_UpMinProvision,"TR_2,H24",154
CTF_LW,"DO_1,H1",232
CTF_DownMinProvision,"DO_1,H1",232
CTF_LW,"DO_1,H2",232
CTF_DownMinProvision,"DO_1,H2",232
CTF_LW,"DO_1,H3",96
CTF_DownMinProvision,"DO_1,H3",96
CTF_LW,"DO_1,H4",96
CTF_DownMinProvision,"DO_1,H4",96
CTF_LW,"DO_1,H5",96
CTF_DownMinProvision,"DO_1,H5",96
CTF_LW,"DO_1,H6",96
CTF_DownMinProvision,"DO_1,H6",96
CTF_LW,"DO_1,H7",96
CTF_DownMinProvision,"DO_1,H7",96
CTF_LW,"DO_1,H8",143
CTF_DownMinProvision,"DO_1,H8",143
CTF_LW,"DO_1,H9",143
CTF_DownMinProvision,"DO_1,H9",143
CTF_LW,"DO_1,H10",143
CTF_DownMinProvision,"DO_1,H10",143
CTF_LW,"DO_1,H11",361
CTF_DownMinProvision,"DO_1,H11",361
CTF_LW,"DO_1,H12",361
CTF_DownMinProvision,"DO_1,H12",361
CTF_LW,"DO_1,H13",361
CTF_DownMinProvision,"DO_1,H13",361
CTF_LW,"DO_1,H14",361
CTF_DownMinProvision,"DO_1,H14",361
CTF_LW,"DO_1,H15",361
CTF_DownMinProvision,"DO_1,H15",361
CTF_LW,"DO_1,H16",361
CTF_DownMinProvision,"DO_1,H16",361
CTF_LW,"DO_1,H17",361
CTF_DownMinProvision,"DO_1,H17",361
CTF_LW,"DO_1,H18",571
CTF_DownMinProvision,"DO_1,H18",571
CTF_LW,"DO_1,H19",571
CTF_DownMinProvision,"DO_1,H19",571
CTF_LW,"DO_1,H20",571
CTF_DownMinProvision,"DO_1,H20",571
CTF_LW,"DO_1,H21",633
CTF_DownMinProvision,"DO_1,H21",633
CTF_LW,"DO_1,H22",633
CTF_DownMinProvision,"DO_1,H22",633
CTF_LW,"DO_1,H23",232
CTF_DownMinProvision,"DO_1,H23",232
CTF_LW,"DO_1,H24",232
CTF_DownMinProvision,"DO_1,H24",232
CTF_LW,"LU_1,H1",234
CTF_DownMinProvision,"LU_1,H1",234
CTF_LW,"LU_1,H2",234
CTF_DownMinProvision,"LU_1,H2",234
CTF_LW,"LU_1,H3",104
CTF_DownMinProvision,"LU_1,H3",104
CTF_LW,"LU_1,H4",104
CTF_DownMinProvision,"LU_1,H4",104
CTF_LW,"LU_1,H5",104
CTF_DownMinProvision,"LU_1,H5",104
CTF_LW,"LU_1,H6",104
CTF_DownMinProvision,"LU_1,H6",104
CTF_LW,"LU_1,H7",104
CTF_DownMinProvision,"LU_1,H7",104
CTF_LW,"LU_1,H8",94
CTF_DownMinProvision,"LU_1,H8",94
CTF_LW,"LU_1,H9",94
CTF_DownMinProvision,"LU_1,H9",94
CTF_LW,"LU_1,H10",94
CTF_DownMinProvision,"LU_1,H10",94
CTF_LW,"LU_1,H11",337
CTF_DownMinProvision,"LU_1,H11",337
CTF_LW,"LU_1,H12",337
CTF_DownMinProvision,"LU_1,H12",337
CTF_LW,"LU_1,H13",337
CTF_DownMinProvision,"LU_1,H13",337
CTF_LW,"LU_1,H14",337
CTF_DownMinProvision,"LU_1,H14",337
CTF_LW,"LU_1,H15",337
CTF_DownMinProvision,"LU_1,H15",337
CTF_LW,"LU_1,H16",337
CTF_DownMinProvision,"LU_1,H16",337
CTF_LW,"LU_1,H17",337
CTF_DownMinProvision,"LU_1,H17",337
CTF_LW,"LU_1,H18",596
CTF_DownMinProvision,"LU_1,H18",596
CTF_LW,"LU_1,H19",596
CTF_DownMinProvision,"LU_1,H19",596
CTF_LW,"LU_1,H20",596
CTF_DownMinProvision,"LU_1,H20",596
CTF_LW,"LU_1,H21",472
CTF_DownMinProvision,"LU_1,H21",472
CTF_LW,"LU_1,H22",472
CTF_DownMinProvision,"LU_1,H22",472
CTF_LW,"LU_1,H23",234
CTF_DownMinProvision,"LU_1,H23",234
CTF_LW,"LU_1,H24",234
CTF_DownMinProvision,"LU_1,H24",234
CTF_LW,"SA_1,H1",232
CTF_DownMinProvision,"SA_1,H1",232
CTF_LW,"SA_1,H2",232
CTF_DownMinProvision,"SA_1,H2",232
CTF_LW,"SA_1,H3",96
CTF_DownMinProvision,"SA_1,H3",96
CTF_LW,"SA_1,H4",96
CTF_DownMinProvision,"SA_1,H4",96
CTF_LW,"SA_1,H5",96
CTF_DownMinProvision,"SA_1,H5",96
CTF_LW,"SA_1,H6",96
CTF_DownMinProvision,"SA_1,H6",96
CTF_LW,"SA_1,H7",96
CTF_DownMinProvision,"SA_1,H7",96
CTF_LW,"SA_1,H8",143
CTF_DownMinProvision,"SA_1,H8",143
CTF_LW,"SA_1,H9",143
CTF_DownMinProvision,"SA_1,H9",143
CTF_LW,"SA_1,H10",143
CTF_DownMinProvision,"SA_1,H10",143
CTF_LW,"SA_1,H11",361
CTF_DownMinProvision,"SA_1,H11",361
CTF_LW,"SA_1,H12",361
CTF_DownMinProvision,"SA_1,H12",361
CTF_LW,"SA_1,H13",361
CTF_DownMinProvision,"SA_1,H13",361
CTF_LW,"SA_1,H14",361
CTF_DownMinProvision,"SA_1,H14",361
CTF_LW,"SA_1,H15",361
CTF_DownMinProvision,"SA_1,H15",361
CTF_LW,"SA_1,H16",361
CTF_DownMinProvision,"SA_1,H16",361
CTF_LW,"SA_1,H17",361
CTF_DownMinProvision,"SA_1,H17",361
CTF_LW,"SA_1,H18",571
CTF_DownMinProvision,"SA_1,H18",571
CTF_LW,"SA_1,H19",571
CTF_DownMinProvision,"SA_1,H19",571
CTF_LW,"SA_1,H20",571
CTF_DownMinProvision,"SA_1,H20",571
CTF_LW,"SA_1,H21",633
CTF_DownMinProvision,"SA_1,H21",633
CTF_LW,"SA_1,H22",633
CTF_DownMinProvision,"SA_1,H22",633
CTF_LW,"SA_1,H23",232
CTF_DownMinProvision,"SA_1,H23",232
CTF_LW,"SA_1,H24",232
CTF_DownMinProvision,"SA_1,H24",232
CTF_LW,"TR_1,H1",234
CTF_DownMinProvision,"TR_1,H1",234
CTF_LW,"TR_1,H2",234
CTF_DownMinProvision,"TR_1,H2",234
CTF_LW,"TR_1,H3",104
CTF_DownMinProvision,"TR_1,H3",104
CTF_LW,"TR_1,H4",104
CTF_DownMinProvision,"TR_1,H4",104
CTF_LW,"TR_1,H5",104
CTF_DownMinProvision,"TR_1,H5",104
CTF_LW,"TR_1,H6",104
CTF_DownMinProvision,"TR_1,H6",104
CTF_LW,"TR_1,H7",104
CTF_DownMinProvision,"TR_1,H7",104
CTF_LW,"TR_1,H8",94
CTF_DownMinProvision,"TR_1,H8",94
CTF_LW,"TR_1,H9",94
CTF_DownMinProvision,"TR_1,H9",94
CTF_LW,"TR_1,H10",94
CTF_DownMinProvision,"TR_1,H10",94
CTF_LW,"TR_1,H11",337
CTF_DownMinProvision,"TR_1,H11",337
CTF_LW,"TR_1,H12",337
CTF_DownMinProvision,"TR_1,H12",337
CTF_LW,"TR_1,H13",337
CTF_DownMinProvision,"TR_1,H13",337
CTF_LW,"TR_1,H14",337
CTF_DownMinProvision,"TR_1,H14",337
CTF_LW,"TR_1,H15",337
CTF_DownMinProvision,"TR_1,H15",337
CTF_LW,"TR_1,H16",337
CTF_DownMinProvision,"TR_1,H16",337
CTF_LW,"TR_1,H17",337
CTF_DownMinProvision,"TR_1,H17",337
CTF_LW,"TR_1,H18",596
CTF_DownMinProvision,"TR_1,H18",596
CTF_LW,"TR_1,H19",596
CTF_DownMinProvision,"TR_1,H19",596
CTF_LW,"TR_1,H20",596
CTF_DownMinProvision,"TR_1,H20",596
CTF_LW,"TR_1,H21",472
CTF_DownMinProvision,"TR_1,H21",472
CTF_LW,"TR_1,H22",472
CTF_DownMinProvision,"TR_1,H22",472
CTF_LW,"TR_1,H23",234
CTF_DownMinProvision,"TR_1,H23",234
CTF_LW,"TR_1,H24",234
CTF_DownMinProvision,"TR_1,H24",234
CTF_LW,"DO_2,H1",315
CTF_DownMinProvision,"DO_2,H1",315
CTF_LW,"DO_2,H2",315
CTF_DownMinProvision,"DO_2,H2",315
CTF_LW,"DO_2,H3",141
CTF_DownMinProvision,"DO_2,H3",141
CTF_LW,"DO_2,H4",141
CTF_DownMinProvision,"DO_2,H4",141
CTF_LW,"DO_2,H5",141
CTF_DownMinProvision,"DO_2,H5",141
CTF_LW,"DO_2,H6",141
CTF_DownMinProvision,"DO_2,H6",141
CTF_LW,"DO_2,H7",141
CTF_DownMinProvision,"DO_2,H7",141
CTF_LW,"DO_2,H8",152
CTF_DownMinProvision,"DO_2,H8",152
CTF_LW,"DO_2,H9",152
CTF_DownMinProvision,"DO_2,H9",152
CTF_LW,"DO_2,H10",152
CTF_DownMinProvision,"DO_2,H10",152
CTF_LW,"DO_2,H11",343
CTF_DownMinProvision,"DO_2,H11",343
CTF_LW,"DO_2,H12",343
CTF_DownMinProvision,"DO_2,H12",343
CTF_LW,"DO_2,H13",343
CTF_DownMinProvision,"DO_2,H13",343
CTF_LW,"DO_2,H14",343
CTF_DownMinProvision,"DO_2,H14",343
CTF_LW,"DO_2,H15",343
CTF_DownMinProvision,"DO_2,H15",343
CTF_LW,"DO_2,H16",343
CTF_DownMinProvision,"DO_2,H16",343
CTF_LW,"DO_2,H17",603
CTF_DownMinProvision,"DO_2,H17",603
CTF_LW,"DO_2,H18",603
CTF_DownMinProvision,"DO_2,H18",603
CTF_LW,"DO_2,H19",603
CTF_DownMinProvision,"DO_2,H19",603
CTF_LW,"DO_2,H20",436
CTF_DownMinProvision,"DO_2,H20",436
CTF_LW,"DO_2,H21",436
CTF_DownMinProvision,"DO_2,H21",436
CTF_LW,"DO_2,H22",436
CTF_DownMinProvision,"DO_2,H22",436
CTF_LW,"DO_2,H23",315
CTF_DownMinProvision,"DO_2,H23",315
CTF_LW,"DO_2,H24",315
CTF_DownMinProvision,"DO_2,H24",315
CTF_LW,"LU_2,H1",256
CTF_DownMinProvision,"LU_2,H1",256
CTF_LW,"LU_2,H2",256
CTF_DownMinProvision,"LU_2,H2",256
CTF_LW,"LU_2,H3",154
CTF_DownMinProvision,"LU_2,H3",154
CTF_LW,"LU_2,H4",154
CTF_DownMinProvision,"LU_2,H4",154
CTF_LW,"LU_2,H5",154
CTF_DownMinProvision,"LU_2,H5",154
CTF_LW,"LU_2,H6",154
CTF_DownMinProvision,"LU_2,H6",154
CTF_LW,"LU_2,H7",154
CTF_DownMinProvision,"LU_2,H7",154
CTF_LW,"LU_2,H8",171
CTF_DownMinProvision,"LU_2,H8",171
CTF_LW,"LU_2,H9",171
CTF_DownMinProvision,"LU_2,H9",171
CTF_LW,"LU_2,H10",171
CTF_DownMinProvision,"LU_2,H10",171
CTF_LW,"LU_2,H11",287
CTF_DownMinProvision,"LU_2,H11",287
CTF_LW,"LU_2,H12",287
CTF_DownMinProvision,"LU_2,H12",287
CTF_LW,"LU_2,H13",287
CTF_DownMinProvision,"LU_2,H13",287
CTF_LW,"LU_2,H14",287
CTF_DownMinProvision,"LU_2,H14",287
CTF_LW,"LU_2,H15",287
CTF_DownMinProvision,"LU_2,H15",287
CTF_LW,"LU_2,H16",287
CTF_DownMinProvision,"LU_2,H16",287
CTF_LW,"LU_2,H17",547
CTF_DownMinProvision,"LU_2,H17",547
CTF_LW,"LU_2,H18",547
CTF_DownMinProvision,"LU_2,H18",547
CTF_LW,"LU_2,H19",547
CTF_DownMinProvision,"LU_2,H19",547
CTF_LW,"LU_2,H20",344
CTF_DownMinProvision,"LU_2,H20",344
CTF_LW,"LU_2,H21",344
CTF_DownMinProvision,"LU_2,H21",344
CTF_LW,"LU_2,H22",344
CTF_DownMinProvision,"LU_2,H22",344
CTF_LW,"LU_2,H23",256
CTF_DownMinProvision,"LU_2,H23",256
CTF_LW,"LU_2,H24",256
CTF_DownMinProvision,"LU_2,H24",256
CTF_LW,"SA_2,H1",315
CTF_DownMinProvision,"SA_2,H1",315
CTF_LW,"SA_2,H2",315
CTF_DownMinProvision,"SA_2,H2",315
CTF_LW,"SA_2,H3",141
CTF_DownMinProvision,"SA_2,H3",141
CTF_LW,"SA_2,H4",141
CTF_DownMinProvision,"SA_2,H4",141
CTF_LW,"SA_2,H5",141
CTF_DownMinProvision,"SA_2,H5",141
CTF_LW,"SA_2,H6",141
CTF_DownMinProvision,"SA_2,H6",141
CTF_LW,"SA_2,H7",141
CTF_DownMinProvision,"SA_2,H7",141
CTF_LW,"SA_2,H8",152
CTF_DownMinProvision,"SA_2,H8",152
CTF_LW,"SA_2,H9",152
CTF_DownMinProvision,"SA_2,H9",152
CTF_LW,"SA_2,H10",152
CTF_DownMinProvision,"SA_2,H10",152
CTF_LW,"SA_2,H11",343
CTF_DownMinProvision,"SA_2,H11",343
CTF_LW,"SA_2,H12",343
CTF_DownMinProvision,"SA_2,H12",343
CTF_LW,"SA_2,H13",343
CTF_DownMinProvision,"SA_2,H13",343
CTF_LW,"SA_2,H14",343
CTF_DownMinProvision,"SA_2,H14",343
CTF_LW,"SA_2,H15",343
CTF_DownMinProvision,"SA_2,H15",343
CTF_LW,"SA_2,H16",343
CTF_DownMinProvision,"SA_2,H16",343
CTF_LW,"SA_2,H17",603
CTF_DownMinProvision,"SA_2,H17",603
CTF_LW,"SA_2,H18",603
CTF_DownMinProvision,"SA_2,H18",603
CTF_LW,"SA_2,H19",603
CTF_DownMinProvision,"SA_2,H19",603
CTF_LW,"SA_2,H20",436
CTF_DownMinProvision,"SA_2,H20",436
CTF_LW,"SA_2,H21",436
CTF_DownMinProvision,"SA_2,H21",436
CTF_LW,"SA_2,H22",436
CTF_DownMinProvision,"SA_2,H22",436
CTF_LW,"SA_2,H23",315
CTF_DownMinProvision,"SA_2,H23",315
CTF_LW,"SA_2,H24",315
CTF_DownMinProvision,"SA_2,H24",315
CTF_LW,"TR_2,H1",256
CTF_DownMinProvision,"TR_2,H1",256
CTF_LW,"TR_2,H2",256
CTF_DownMinProvision,"TR_2,H2",256
CTF_LW,"TR_2,H3",154
CTF_DownMinProvision,"TR_2,H3",154
CTF_LW,"TR_2,H4",154
CTF_DownMinProvision,"TR_2,H4",154
CTF_LW,"TR_2,H5",154
CTF_DownMinProvision,"TR_2,H5",154
CTF_LW,"TR_2,H6",154
CTF_DownMinProvision,"TR_2,H6",154
CTF_LW,"TR_2,H7",154
CTF_DownMinProvision,"TR_2,H7",154
CTF_LW,"TR_2,H8",171
CTF_DownMinProvision,"TR_2,H8",171
CTF_LW,"TR_2,H9",171
CTF_DownMinProvision,"TR_2,H9",171
CTF_LW,"TR_2,H10",171
CTF_DownMinProvision,"TR_2,H10",171
CTF_LW,"TR_2,H11",287
CTF_DownMinProvision,"TR_2,H11",287
CTF_LW,"TR_2,H12",287
CTF_DownMinProvision,"TR_2,H12",287
CTF_LW,"TR_2,H13",287
CTF_DownMinProvision,"TR_2,H13",287
CTF_LW,"TR_2,H14",287
CTF_DownMinProvision,"TR_2,H14",287
CTF_LW,"TR_2,H15",287
CTF_DownMinProvision,"TR_2,H15",287
CTF_LW,"TR_2,H16",287
CTF_DownMinProvision,"TR_2,H16",287
CTF_LW,"TR_2,H17",547
CTF_DownMinProvision,"TR_2,H17",547
CTF_LW,"TR_2,H18",547
CTF_DownMinProvision,"TR_2,H18",547
CTF_LW,"TR_2,H19",547
CTF_DownMinProvision,"TR_2,H19",547
CTF_LW,"TR_2,H20",344
CTF_DownMinProvision,"TR_2,H20",344
CTF_LW,"TR_2,H21",344
CTF_DownMinProvision,"TR_2,H21",344
CTF_LW,"TR_2,H22",344
CTF_DownMinProvision,"TR_2,H22",344
CTF_LW,"TR_2,H23",256
CTF_DownMinProvision,"TR_2,H23",256
CTF_LW,"TR_2,H24",256
CTF_DownMinProvision,"TR_2,H24",256
CTF_RS,"DO_1,H1",186
CTF_UpMinProvision,"DO_1,H1",186
CTF_RS,"DO_1,H2",186
CTF_UpMinProvision,"DO_1,H2",186
CTF_RS,"DO_1,H3",98
CTF_UpMinProvision,"DO_1,H3",98
CTF_RS,"DO_1,H4",98
CTF_UpMinProvision,"DO_1,H4",98
CTF_RS,"DO_1,H5",98
CTF_UpMinProvision,"DO_1,H5",98
CTF_RS,"DO_1,H6",98
CTF_UpMinProvision,"DO_1,H6",98
CTF_RS,"DO_1,H7",98
CTF_UpMinProvision,"DO_1,H7",98
CTF_RS,"DO_1,H8",622
CTF_UpMinProvision,"DO_1,H8",622
CTF_RS,"DO_1,H9",622
CTF_UpMinProvision,"DO_1,H9",622
CTF_RS,"DO_1,H10",622
CTF_UpMinProvision,"DO_1,H10",622
CTF_RS,"DO_1,H11",266
CTF_UpMinProvision,"DO_1,H11",266
CTF_RS,"DO_1,H12",266
CTF_UpMinProvision,"DO_1,H12",266
CTF_RS,"DO_1,H13",266
CTF_UpMinProvision,"DO_1,H13",266
CTF_RS,"DO_1,H14",266
CTF_UpMinProvision,"DO_1,H14",266
CTF_RS,"DO_1,H15",266
CTF_UpMinProvision,"DO_1,H15",266
CTF_RS,"DO_1,H16",266
CTF_UpMinProvision,"DO_1,H16",266
CTF_RS,"DO_1,H17",266
CTF_UpMinProvision,"DO_1,H17",266
CTF_RS,"DO_1,H18",360
CTF_UpMinProvision,"DO_1,H18",360
CTF_RS,"DO_1,H19",360
CTF_UpMinProvision,"DO_1,H19",360
CTF_RS,"DO_1,H20",360
CTF_UpMinProvision,"DO_1,H20",360
CTF_RS,"DO_1,H21",77
CTF_UpMinProvision,"DO_1,H21",77
CTF_RS,"DO_1,H22",77
CTF_UpMinProvision,"DO_1,H22",77
CTF_RS,"DO_1,H23",186
CTF_UpMinProvision,"DO_1,H23",186
CTF_RS,"DO_1,H24",186
CTF_UpMinProvision,"DO_1,H24",186
CTF_RS,"LU_1,H1",226
CTF_UpMinProvision,"LU_1,H1",226
CTF_RS,"LU_1,H2",226
CTF_UpMinProvision,"LU_1,H2",226
CTF_RS,"LU_1,H3",100
CTF_UpMinProvision,"LU_1,H3",100
CTF_RS,"LU_1,H4",100
CTF_UpMinProvision,"LU_1,H4",100
CTF_RS,"LU_1,H5",100
CTF_UpMinProvision,"LU_1,H5",100
CTF_RS,"LU_1,H6",100
CTF_UpMinProvision,"LU_1,H6",100
CTF_RS,"LU_1,H7",100
CTF_UpMinProvision,"LU_1,H7",100
CTF_RS,"LU_1,H8",608
CTF_UpMinProvision,"LU_1,H8",608
CTF_RS,"LU_1,H9",608
CTF_UpMinProvision,"LU_1,H9",608
CTF_RS,"LU_1,H10",608
CTF_UpMinProvision,"LU_1,H10",608
CTF_RS,"LU_1,H11",196
CTF_UpMinProvision,"LU_1,H11",196
CTF_RS,"LU_1,H12",196
CTF_UpMinProvision,"LU_1,H12",196
CTF_RS,"LU_1,H13",196
CTF_UpMinProvision,"LU_1,H13",196
CTF_RS,"LU_1,H14",196
CTF_UpMinProvision,"LU_1,H14",196
CTF_RS,"LU_1,H15",196
CTF_UpMinProvision,"LU_1,H15",196
CTF_RS,"LU_1,H16",196
CTF_UpMinProvision,"LU_1,H16",196
CTF_RS,"LU_1,H17",196
CTF_UpMinProvision,"LU_1,H17",196
CTF_RS,"LU_1,H18",380
CTF_UpMinProvision,"LU_1,H18",380
CTF_RS,"LU_1,H19",380
CTF_UpMinProvision,"LU_1,H19",380
CTF_RS,"LU_1,H20",380
CTF_UpMinProvision,"LU_1,H20",380
CTF_RS,"LU_1,H21",178
CTF_UpMinProvision,"LU_1,H21",178
CTF_RS,"LU_1,H22",178
CTF_UpMinProvision,"LU_1,H22",178
CTF_RS,"LU_1,H23",226
CTF_UpMinProvision,"LU_1,H23",226
CTF_RS,"LU_1,H24",226
CTF_UpMinProvision,"LU_1,H24",226
CTF_RS,"SA_1,H1",186
CTF_UpMinProvision,"SA_1,H1",186
CTF_RS,"SA_1,H2",186
CTF_UpMinProvision,"SA_1,H2",186
CTF_RS,"SA_1,H3",98
CTF_UpMinProvision,"SA_1,H3",98
CTF_RS,"SA_1,H4",98
CTF_UpMinProvision,"SA_1,H4",98
CTF_RS,"SA_1,H5",98
CTF_UpMinProvision,"SA_1,H5",98
CTF_RS,"SA_1,H6",98
CTF_UpMinProvision,"SA_1,H6",98
CTF_RS,"SA_1,H7",98
CTF_UpMinProvision,"SA_1,H7",98
CTF_RS,"SA_1,H8",622
CTF_UpMinProvision,"SA_1,H8",622
CTF_RS,"SA_1,H9",622
CTF_UpMinProvision,"SA_1,H9",622
CTF_RS,"SA_1,H10",622
CTF_UpMinProvision,"SA_1,H10",622
CTF_RS,"SA_1,H11",266
CTF_UpMinProvision,"SA_1,H11",266
CTF_RS,"SA_1,H12",266
CTF_UpMinProvision,"SA_1,H12",266
CTF_RS,"SA_1,H13",266
CTF_UpMinProvision,"SA_1,H13",266
CTF_RS,"SA_1,H14",266
CTF_UpMinProvision,"SA_1,H14",266
CTF_RS,"SA_1,H15",266
CTF_UpMinProvision,"SA_1,H15",266
CTF_RS,"SA_1,H16",266
CTF_UpMinProvision,"SA_1,H16",266
CTF_RS,"SA_1,H17",266
CTF_UpMinProvision,"SA_1,H17",266
CTF_RS,"SA_1,H18",360
CTF_UpMinProvision,"SA_1,H18",360
CTF_RS,"SA_1,H19",360
CTF_UpMinProvision,"SA_1,H19",360
CTF_RS,"SA_1,H20",360
CTF_UpMinProvision,"SA_1,H20",360
CTF_RS,"SA_1,H21",77
CTF_UpMinProvision,"SA_1,H21",77
CTF_RS,"SA_1,H22",77
CTF_UpMinProvision,"SA_1,H22",77
CTF_RS,"SA_1,H23",186
CTF_UpMinProvision,"SA_1,H23",186
CTF_RS,"SA_1,H24",186
CTF_UpMinProvision,"SA_1,H24",186
CTF_RS,"TR_1,H1",226
CTF_UpMinProvision,"TR_1,H1",226
CTF_RS,"TR_1,H2",226
CTF_UpMinProvision,"TR_1,H2",226
CTF_RS,"TR_1,H3",100
CTF_UpMinProvision,"TR_1,H3",100
CTF_RS,"TR_1,H4",100
CTF_UpMinProvision,"TR_1,H4",100
CTF_RS,"TR_1,H5",100
CTF_UpMinProvision,"TR_1,H5",100
CTF_RS,"TR_1,H6",100
CTF_UpMinProvision,"TR_1,H6",100
CTF_RS,"TR_1,H7",100
CTF_UpMinProvision,"TR_1,H7",100
CTF_RS,"TR_1,H8",608
CTF_UpMinProvision,"TR_1,H8",608
CTF_RS,"TR_1,H9",608
CTF_UpMinProvision,"TR_1,H9",608
CTF_RS,"TR_1,H10",608
CTF_UpMinProvision,"TR_1,H10",608
CTF_RS,"TR_1,H11",196
CTF_UpMinProvision,"TR_1,H11",196
CTF_RS,"TR_1,H12",196
CTF_UpMinProvision,"TR_1,H12",196
CTF_RS,"TR_1,H13",196
CTF_UpMinProvision,"TR_1,H13",196
CTF_RS,"TR_1,H14",196
CTF_UpMinProvision,"TR_1,H14",196
CTF_RS,"TR_1,H15",196
CTF_UpMinProvision,"TR_1,H15",196
CTF_RS,"TR_1,H16",196
CTF_UpMinProvision,"TR_1,H16",196
CTF_RS,"TR_1,H17",196
CTF_UpMinProvision,"TR_1,H17",196
CTF_RS,"TR_1,H18",380
CTF_UpMinProvision,"TR_1,H18",380
CTF_RS,"TR_1,H19",380
CTF_UpMinProvision,"TR_1,H19",380
CTF_RS,"TR_1,H20",380
CTF_UpMinProvision,"TR_1,H20",380
CTF_RS,"TR_1,H21",178
CTF_UpMinProvision,"TR_1,H21",178
CTF_RS,"TR_1,H22",178
CTF_UpMinProvision,"TR_1,H22",178
CTF_RS,"TR_1,H23",226
CTF_UpMinProvision,"TR_1,H23",226
CTF_RS,"TR_1,H24",226
CTF_UpMinProvision,"TR_1,H24",226
CTF_RS,"DO_2,H1",252
CTF_UpMinProvision,"DO_2,H1",252
CTF_RS,"DO_2,H2",252
CTF_UpMinProvision,"DO_2,H2",252
CTF_RS,"DO_2,H3",96
CTF_UpMinProvision,"DO_2,H3",96
CTF_RS,"DO_2,H4",96
CTF_UpMinProvision,"DO_2,H4",96
CTF_RS,"DO_2,H5",96
CTF_UpMinProvision,"DO_2,H5",96
CTF_RS,"DO_2,H6",96
CTF_UpMinProvision,"DO_2,H6",96
CTF_RS,"DO_2,H7",96
CTF_UpMinProvision,"DO_2,H7",96
CTF_RS,"DO_2,H8",625
CTF_UpMinProvision,"DO_2,H8",625
CTF_RS,"DO_2,H9",625
CTF_UpMinProvision,"DO_2,H9",625
CTF_RS,"DO_2,H10",625
CTF_UpMinProvision,"DO_2,H10",625
CTF_RS,"DO_2,H11",213
CTF_UpMinProvision,"DO_2,H11",213
CTF_RS,"DO_2,H12",213
CTF_UpMinProvision,"DO_2,H12",213
CTF_RS,"DO_2,H13",213
CTF_UpMinProvision,"DO_2,H13",213
CTF_RS,"DO_2,H14",213
CTF_UpMinProvision,"DO_2,H14",213
CTF_RS,"DO_2,H15",213
CTF_UpMinProvision,"DO_2,H15",213
CTF_RS,"DO_2,H16",213
CTF_UpMinProvision,"DO_2,H16",213
CTF_RS,"DO_2,H17",304
CTF_UpMinProvision,"DO_2,H17",304
CTF_RS,"DO_2,H18",304
CTF_UpMinProvision,"DO_2,H18",304
CTF_RS,"DO_2,H19",304
CTF_UpMinProvision,"DO_2,H19",304
CTF_RS,"DO_2,H20",97
CTF_UpMinProvision,"DO_2,H20",97
CTF_RS,"DO_2,H21",97
CTF_UpMinProvision,"DO_2,H21",97
CTF_RS,"DO_2,H22",97
CTF_UpMinProvision,"DO_2,H22",97
CTF_RS,"DO_2,H23",252
CTF_UpMinProvision,"DO_2,H23",252
CTF_RS,"DO_2,H24",252
CTF_UpMinProvision,"DO_2,H24",252
CTF_RS,"LU_2,H1",293
CTF_UpMinProvision,"LU_2,H1",293
CTF_RS,"LU_2,H2",293
CTF_UpMinProvision,"LU_2,H2",293
CTF_RS,"LU_2,H3",122
CTF_UpMinProvision,"LU_2,H3",122
CTF_RS,"LU_2,H4",122
CTF_UpMinProvision,"LU_2,H4",122
CTF_RS,"LU_2,H5",122
CTF_UpMinProvision,"LU_2,H5",122
CTF_RS,"LU_2,H6",122
CTF_UpMinProvision,"LU_2,H6",122
CTF_RS,"LU_2,H7",122
CTF_UpMinProvision,"LU_2,H7",122
CTF_RS,"LU_2,H8",519
CTF_UpMinProvision,"LU_2,H8",519
CTF_RS,"LU_2,H9",519
CTF_UpMinProvision,"LU_2,H9",519
CTF_RS,"LU_2,H10",519
CTF_UpMinProvision,"LU_2,H10",519
CTF_RS,"LU_2,H11",226
CTF_UpMinProvision,"LU_2,H11",226
CTF_RS,"LU_2,H12",226
CTF_UpMinProvision,"LU_2,H12",226
CTF_RS,"LU_2,H13",226
CTF_UpMinProvision,"LU_2,H13",226
CTF_RS,"LU_2,H14",226
CTF_UpMinProvision,"LU_2,H14",226
CTF_RS,"LU_2,H15",226
CTF_UpMinProvision,"LU_2,H15",226
CTF_RS,"LU_2,H16",226
CTF_UpMinProvision,"LU_2,H16",226
CTF_RS,"LU_2,H17",305
CTF_UpMinProvision,"LU_2,H17",305
CTF_RS,"LU_2,H18",305
CTF_UpMinProvision,"LU_2,H18",305
CTF_RS,"LU_2,H19",305
CTF_UpMinProvision,"LU_2,H19",305
CTF_RS,"LU_2,H20",76
CTF_UpMinProvision,"LU_2,H20",76
CTF_RS,"LU_2,H21",76
CTF_UpMinProvision,"LU_2,H21",76
CTF_RS,"LU_2,H22",76
CTF_UpMinProvision,"LU_2,H22",76
CTF_RS,"LU_2,H23",293
CTF_UpMinProvision,"LU_2,H23",293
CTF_RS,"LU_2,H24",293
CTF_UpMinProvision,"LU_2,H24",293
CTF_RS,"SA_2,H1",252
CTF_UpMinProvision,"SA_2,H1",252
CTF_RS,"SA_2,H2",252
CTF_UpMinProvision,"SA_2,H2",252
CTF_RS,"SA_2,H3",96
CTF_UpMinProvision,"SA_2,H3",96
CTF_RS,"SA_2,H4",96
CTF_UpMinProvision,"SA_2,H4",96
CTF_RS,"SA_2,H5",96
CTF_UpMinProvision,"SA_2,H5",96
CTF_RS,"SA_2,H6",96
CTF_UpMinProvision,"SA_2,H6",96
CTF_RS,"SA_2,H7",96
CTF_UpMinProvision,"SA_2,H7",96
CTF_RS,"SA_2,H8",625
CTF_UpMinProvision,"SA_2,H8",625
CTF_RS,"SA_2,H9",625
CTF_UpMinProvision,"SA_2,H9",625
CTF_RS,"SA_2,H10",625
CTF_UpMinProvision,"SA_2,H10",625
CTF_RS,"SA_2,H11",213
CTF_UpMinProvision,"SA_2,H11",213
CTF_RS,"SA_2,H12",213
CTF_UpMinProvision,"SA_2,H12",213
CTF_RS,"SA_2,H13",213
CTF_UpMinProvision,"SA_2,H13",213
CTF_RS,"SA_2,H14",213
CTF_UpMinProvision,"SA_2,H14",213
CTF_RS,"SA_2,H15",213
CTF_UpMinProvision,"SA_2,H15",213
CTF_RS,"SA_2,H16",213
CTF_UpMinProvision,"SA_2,H16",213
CTF_RS,"SA_2,H17",304
CTF_UpMinProvision,"SA_2,H17",304
CTF_RS,"SA_2,H18",304
CTF_UpMinProvision,"SA_2,H18",304
CTF_RS,"SA_2,H19",304
CTF_UpMinProvision,"SA_2,H19",304
CTF_RS,"SA_2,H20",97
CTF_UpMinProvision,"SA_2,H20",97
CTF_RS,"SA_2,H21",97
CTF_UpMinProvision,"SA_2,H21",97
CTF_RS,"SA_2,H22",97
CTF_UpMinProvision,"SA_2,H22",97
CTF_RS,"SA_2,H23",252
CTF_UpMinProvision,"SA_2,H23",252
CTF_RS,"SA_2,H24",252
CTF_UpMinProvision,"SA_2,H24",252
CTF_RS,"TR_2,H1",293
CTF_UpMinProvision,"TR_2,H1",293
CTF_RS,"TR_2,H2",293
CTF_UpMinProvision,"TR_2,H2",293
CTF_RS,"TR_2,H3",122
CTF_UpMinProvision,"TR_2,H3",122
CTF_RS,"TR_2,H4",122
CTF_UpMinProvision,"TR_2,H4",122
CTF_RS,"TR_2,H5",122
CTF_UpMinProvision,"TR_2,H5",122
CTF_RS,"TR_2,H6",122
CTF_UpMinProvision,"TR_2,H6",122
CTF_RS,"TR_2,H7",122
CTF_UpMinProvision,"TR_2,H7",122
CTF_RS,"TR_2,H8",519
CTF_UpMinProvision,"TR_2,H8",519
CTF_RS,"TR_2,H9",519
CTF_UpMinProvision,"TR_2,H9",519
CTF_RS,"TR_2,H10",519
CTF_UpMinProvision,"TR_2,H10",519
CTF_RS,"TR_2,H11",226
CTF_UpMinProvision,"TR_2,H11",226
CTF_RS,"TR_2,H12",226
CTF_UpMinProvision,"TR_2,H12",226
CTF_RS,"TR_2,H13",226
CTF_UpMinProvision,"TR_2,H13",226
CTF_RS,"TR_2,H14",226
CTF_UpMinProvision,"TR_2,H14",226
CTF_RS,"TR_2,H15",226
CTF_UpMinProvision,"TR_2,H15",226
CTF_RS,"TR_2,H16",226
CTF_UpMinProvision,"TR_2,H16",226
CTF_RS,"TR_2,H17",305
CTF_UpMinProvision,"TR_2,H17",305
CTF_RS,"TR_2,H18",305
CTF_UpMinProvision,"TR_2,H18",305
CTF_RS,"TR_2,H19",305
CTF_UpMinProvision,"TR_2,H19",305
CTF_RS,"TR_2,H20",76
CTF_UpMinProvision,"TR_2,H20",76
CTF_RS,"TR_2,H21",76
CTF_UpMinProvision,"TR_2,H21",76
CTF_RS,"TR_2,H22",76
CTF_UpMinProvision,"TR_2,H22",76
CTF_RS,"TR_2,H23",293
CTF_UpMinProvision,"TR_2,H23",293
CTF_RS,"TR_2,H24",293
CTF_UpMinProvision,"TR_2,H24",293
